{
    "linear": {
        "rmse": 0.13717754997373005,
        "mae": 0.08900183409541117,
        "r2": 0.8821396071345375
    },
    "ridge": {
        "rmse": 0.11354505896919401,
        "mae": 0.07825276845280908,
        "r2": 0.9192507902477113
    },
    "random_forest": {
        "rmse": 0.1390305302244933,
        "mae": 0.09664777658571148,
        "r2": 0.8789340097851351
    },
    "xgboost": {
        "rmse": 0.11737232336632754,
        "mae": 0.0807299645548374,
        "r2": 0.9137154172408615
    },
    "lightgbm": {
        "rmse": 0.12504092968258593,
        "mae": 0.0850442764778389,
        "r2": 0.9020721570430447
    },
    "stacking_ensemble": {
        "rmse": 0.11236698606657156,
        "mae": 0.07614727985702344,
        "r2": 0.9209177048617667
    },
    "averaging": {
        "rmse": 0.11398074748197222,
        "mae": 0.07730827481252303,
        "r2": 0.9186299089581811
    },
    "weighted_ensemble": {
        "rmse": 0.11313268419171628,
        "mae": 0.07677626958784012,
        "r2": 0.919836257724601
    }
}